{
  "collapse-filter": false,
  "search": "",
  "showTags": false,
  "showAttachments": false,
  "hideUnresolved": false,
  "showOrphans": true,
  "collapse-color-groups": false,
  "colorGroups": [
    {
      "query": "#Aliados",
      "color": {
        "a": 1,
        "rgb": 7001692
      }
    },
    {
      "query": "#Inimigos",
      "color": {
        "a": 1,
        "rgb": 14048348
      }
    },
    {
      "query": "#Local",
      "color": {
        "a": 1,
        "rgb": 15046758
      }
    },
    {
      "query": "#patinhas_peludas",
      "color": {
        "a": 1,
        "rgb": 14679808
      }
    }
  ],
  "collapse-display": false,
  "showArrow": false,
  "textFadeMultiplier": 0,
  "nodeSizeMultiplier": 1,
  "lineSizeMultiplier": 1,
  "collapse-forces": false,
  "centerStrength": 0.518713248970312,
  "repelStrength": 10,
  "linkStrength": 1,
  "linkDistance": 250,
  "scale": 0.6666666666666666,
  "close": true
}