{
  "main": {
    "id": "9096521578544135",
    "type": "split",
    "children": [
      {
        "id": "3ad392511fe63f85",
        "type": "tabs",
        "children": [
          {
            "id": "15973cbd986530a8",
            "type": "leaf",
            "state": {
              "type": "graph",
              "state": {}
            }
          }
        ]
      }
    ],
    "direction": "vertical"
  },
  "left": {
    "id": "731020bf2595babb",
    "type": "split",
    "children": [
      {
        "id": "0282009a9ffc3b90",
        "type": "tabs",
        "children": [
          {
            "id": "3d7b18176da04a5c",
            "type": "leaf",
            "state": {
              "type": "file-explorer",
              "state": {
                "sortOrder": "alphabetical"
              }
            }
          },
          {
            "id": "35bd0fc7efa1ee47",
            "type": "leaf",
            "state": {
              "type": "search",
              "state": {
                "query": "tag:#divinidade",
                "matchingCase": false,
                "explainSearch": false,
                "collapseAll": false,
                "extraContext": false,
                "sortOrder": "alphabetical"
              }
            }
          },
          {
            "id": "f1ded9291f0294a4",
            "type": "leaf",
            "state": {
              "type": "bookmarks",
              "state": {}
            }
          }
        ]
      }
    ],
    "direction": "horizontal",
    "width": 300
  },
  "right": {
    "id": "f12fef7eb34cd059",
    "type": "split",
    "children": [
      {
        "id": "239ef41c52c63509",
        "type": "tabs",
        "children": [
          {
            "id": "e3da746fe0e9faa6",
            "type": "leaf",
            "state": {
              "type": "backlink",
              "state": {
                "collapseAll": false,
                "extraContext": false,
                "sortOrder": "alphabetical",
                "showSearch": false,
                "searchQuery": "",
                "backlinkCollapsed": false,
                "unlinkedCollapsed": true
              }
            }
          },
          {
            "id": "39319100af0fb898",
            "type": "leaf",
            "state": {
              "type": "outgoing-link",
              "state": {
                "linksCollapsed": false,
                "unlinkedCollapsed": true
              }
            }
          },
          {
            "id": "85d724fac57d1bf0",
            "type": "leaf",
            "state": {
              "type": "tag",
              "state": {
                "sortOrder": "frequency",
                "useHierarchy": true
              }
            }
          },
          {
            "id": "17777052f3a549ff",
            "type": "leaf",
            "state": {
              "type": "outline",
              "state": {}
            }
          }
        ]
      }
    ],
    "direction": "horizontal",
    "width": 300,
    "collapsed": true
  },
  "left-ribbon": {
    "hiddenItems": {
      "switcher:Open quick switcher": false,
      "graph:Open graph view": false,
      "canvas:Create new canvas": false,
      "daily-notes:Open today's daily note": false,
      "templates:Insert template": false,
      "command-palette:Open command palette": false,
      "rpg-manager:RPG Manager": false
    }
  },
  "active": "15973cbd986530a8",
  "lastOpenFiles": [
    "Dorgot.md",
    "Yorek.md",
    "Casa Auvryndar.md",
    "Waterdeep.md",
    "Bronco.md",
    "Felgolos.md",
    "Pasted image 20240529110013.png",
    "Arnuriel.md",
    "Lobos Cinzentos.md",
    "Utghardt.md",
    "Selûne.md",
    "Conclave Esmeralda.md",
    "Casa Moonstar.md",
    "Desespero Rubro.md",
    "Davric.md",
    "Winter Fang.md",
    "Relíquias.md",
    "Vanrak Moonstar.md",
    "Fay.md",
    "Halaster Blackcloak.md",
    "Pantamileon.md",
    "Randolf.md",
    "Ovlec.md",
    "Drows.md",
    "Caranha.md",
    "Dragão Metálico.md",
    "Sword Coast.md",
    "Sylv/Untitled",
    "Sylv"
  ]
}